CO (ppm),PM10 (Âµg/m3),NO2 (ppb),Suhu (Â°C),Kelembaban (%),Kecepatan Angin (m/s),Kategori Kualitas Udara
0.4206896551724138,0.22030237580993522,0.2194189602446483,0.19999999999999996,0.5755555555555556,0.46153846153846145,Sedang
0.3172413793103448,0.5205183585313177,0.07262996941896023,0.5,0.6111111111111112,0.3846153846153846,Sedang
0.44827586206896547,0.06371490280777538,0.1345565749235474,0.3307692307692309,0.5288888888888887,0.0,Sedang
0.6,0.654427645788337,0.40290519877675834,0.546153846153846,0.6022222222222222,0.42307692307692313,Tidak Sehat
0.296551724137931,0.5345572354211664,0.6506116207951069,0.4615384615384617,0.9066666666666667,0.8076923076923077,Tidak Sehat
0.296551724137931,0.4870410367170627,0.3577981651376146,0.33846153846153815,0.7755555555555558,0.3076923076923077,Sedang
0.6068965517241379,0.6447084233261341,0.0,0.5538461538461537,0.7488888888888889,0.25,Tidak Sehat
0.4689655172413793,0.7915766738660908,0.36926605504587146,0.8076923076923075,0.45333333333333337,0.46153846153846145,Sedang
0.2551724137931034,0.6511879049676027,0.5420489296636086,0.4230769230769229,0.35777777777777775,0.4423076923076922,Sedang
0.43448275862068964,0.0345572354211663,0.12767584097859325,0.6000000000000001,0.7688888888888887,0.6153846153846154,Sedang
0.2551724137931034,0.15550755939524835,0.23700305810397548,0.21538461538461529,0.7511111111111111,0.13461538461538458,Baik
0.2551724137931034,0.296976241900648,0.2706422018348623,0.2769230769230768,0.8822222222222222,0.5192307692307693,Baik
0.3793103448275862,0.4373650107991361,0.08792048929663608,0.5538461538461537,0.4222222222222223,0.5,Sedang
0.006896551724137931,0.5442764578833694,0.4159021406727828,0.7461538461538462,0.5044444444444445,0.3653846153846153,Sedang
0.041379310344827586,0.275377969762419,0.24006116207951067,0.5307692307692307,0.19111111111111123,0.4423076923076922,Baik
0.24137931034482757,0.4719222462203025,0.36391437308868496,0.3999999999999999,0.4688888888888887,0.5769230769230769,Sedang
0.16551724137931034,0.2688984881209503,0.06422018348623852,0.4615384615384617,0.7777777777777779,0.5576923076923076,Baik
0.393103448275862,0.3002159827213823,0.1674311926605504,0.22307692307692295,0.451111111111111,0.17307692307692302,Sedang
0.17931034482758623,0.12850971922246218,0.43348623853211005,0.5769230769230766,0.6977777777777778,0.5384615384615383,Sedang
0.09655172413793103,0.23218142548596116,0.1819571865443425,0.6307692307692307,0.5133333333333332,0.3653846153846153,Baik
0.593103448275862,0.14038876889848811,0.6636085626911314,0.3769230769230769,0.6266666666666667,0.40384615384615385,Tidak Sehat
0.296551724137931,0.22138228941684668,0.17584097859327213,0.36923076923076925,0.30000000000000004,0.40384615384615385,Sedang
0.35172413793103446,0.6598272138228942,0.31880733944954126,0.5153846153846153,0.5755555555555556,0.3461538461538461,Sedang
0.0896551724137931,0.2267818574514039,0.48165137614678893,0.3769230769230769,0.0,0.6153846153846154,Sedang
0.24137931034482757,1.0,0.0,0.4461538461538459,0.5133333333333332,0.3653846153846153,Sedang
0.3586206896551724,0.5388768898488122,0.0,0.8615384615384616,0.19333333333333336,0.17307692307692302,Sedang
0.13793103448275862,0.4719222462203025,0.0,0.41538461538461524,0.8244444444444443,0.3076923076923077,Sedang
0.4,0.24622030237580994,0.5573394495412844,0.39230769230769225,0.7288888888888889,0.42307692307692313,Sedang
0.23448275862068962,0.5831533477321815,0.1406727828746177,0.33846153846153815,0.6600000000000001,0.6153846153846154,Sedang
0.28965517241379307,0.30777537796976245,0.8539755351681957,0.6076923076923073,0.8933333333333335,0.5,Tidak Sehat
0.23448275862068962,0.45788336933045354,0.13837920489296635,0.4230769230769229,0.34444444444444455,0.21153846153846156,Sedang
0.6551724137931034,0.98488120950324,0.3096330275229357,0.33846153846153815,0.9444444444444446,0.8653846153846153,Tidak Sehat
0.33793103448275863,0.41144708423326143,0.6215596330275228,0.7153846153846155,0.7622222222222221,0.4423076923076922,Tidak Sehat
0.1586206896551724,0.6803455723542118,0.72782874617737,0.7307692307692308,0.5022222222222221,0.6346153846153845,Tidak Sehat
0.48275862068965514,0.2796976241900648,0.7400611620795107,0.34615384615384626,0.808888888888889,0.3461538461538461,Tidak Sehat
0.12413793103448274,0.42440604751619865,0.5451070336391437,0.09999999999999987,0.30888888888888877,0.4807692307692307,Sedang
0.37241379310344824,0.8142548596112313,0.5022935779816514,0.6538461538461537,0.3733333333333333,0.5384615384615383,Sedang
0.0,0.296976241900648,0.4036697247706421,0.3307692307692309,0.42000000000000015,0.6153846153846154,Sedang
0.1103448275862069,0.8228941684665229,0.44648318042813445,0.6153846153846154,0.4377777777777778,0.5961538461538461,Sedang
0.37241379310344824,0.5853131749460044,0.14143730886850153,0.08461538461538454,0.32000000000000006,0.5576923076923076,Sedang
0.46206896551724136,0.31101511879049676,0.08027522935779816,0.6307692307692307,0.8266666666666667,0.3269230769230769,Sedang
0.36551724137931035,0.5680345572354213,0.26681957186544336,0.23076923076923062,0.4977777777777779,0.26923076923076916,Sedang
0.3172413793103448,0.6425485961123111,0.22859327217125375,0.6000000000000001,0.6333333333333333,0.4423076923076922,Sedang
0.2827586206896552,0.5658747300215984,0.16360856269113144,0.4615384615384617,0.4288888888888889,0.5576923076923076,Sedang
0.08275862068965517,0.09287257019438448,0.4273700305810397,0.2769230769230768,0.15111111111111097,0.3461538461538461,Sedang
0.21379310344827585,0.275377969762419,0.48700305810397543,0.3846153846153846,0.6155555555555556,0.5961538461538461,Sedang
0.2551724137931034,0.3779697624190065,0.28822629969418956,0.592307692307692,0.13111111111111118,0.673076923076923,Sedang
0.5172413793103448,0.41576673866090713,0.606269113149847,0.48461538461538467,0.54,0.21153846153846156,Tidak Sehat
0.4,0.5658747300215984,0.005351681957186542,0.5769230769230766,0.25111111111111106,0.23076923076923073,Sedang
0.034482758620689655,0.470842332613391,0.22324159021406725,0.8384615384615381,0.9977777777777779,0.3653846153846153,Sedang
0.393103448275862,0.14362850971922247,0.1032110091743119,0.16153846153846163,0.7577777777777777,0.4423076923076922,Sedang
0.2689655172413793,0.514038876889849,0.0,0.7692307692307692,0.5799999999999998,0.28846153846153844,Sedang
0.2206896551724138,0.5637149028077755,0.24847094801223235,0.48461538461538467,0.8355555555555554,0.6538461538461537,Sedang
0.4413793103448276,0.552915766738661,0.23929663608562685,0.29230769230769216,0.3666666666666667,0.46153846153846145,Sedang
0.5172413793103448,0.6652267818574514,0.6146788990825688,0.20769230769230762,0.6755555555555557,0.3846153846153846,Tidak Sehat
0.496551724137931,0.6123110151187906,0.41207951070336385,0.4230769230769229,0.6000000000000001,0.11538461538461539,Sedang
0.19310344827586207,0.5313174946004321,0.03287461773700305,0.6384615384615384,0.6133333333333333,0.13461538461538458,Sedang
0.2827586206896552,0.41684665226781864,0.6926605504587156,0.43846153846153824,0.837777777777778,0.4423076923076922,Tidak Sehat
0.393103448275862,0.0734341252699784,0.547400611620795,0.7538461538461538,0.7177777777777776,0.0,Sedang
0.503448275862069,0.5248380129589634,0.40137614678899075,0.1846153846153844,0.6200000000000001,0.5769230769230769,Sedang
0.2551724137931034,0.4773218142548597,0.21559633027522934,0.4615384615384617,0.18888888888888888,0.3461538461538461,Sedang
0.30344827586206896,0.49028077753779703,0.04740061162079509,0.22307692307692295,0.3422222222222224,0.9999999999999999,Sedang
0.14482758620689656,0.1565874730021598,0.1819571865443425,0.5307692307692307,0.5288888888888887,0.8269230769230768,Baik
0.13103448275862067,0.19870410367170627,0.5175840978593272,0.6307692307692307,0.5755555555555556,0.3461538461538461,Sedang
0.4758620689655172,0.6598272138228942,0.6995412844036697,0.3769230769230769,0.3044444444444445,0.3653846153846153,Tidak Sehat
0.5724137931034483,0.42332613390928736,0.6215596330275228,0.0,1.0,0.5769230769230769,Tidak Sehat
0.32413793103448274,0.5788336933045357,0.15519877675840976,0.5,0.8933333333333335,0.7115384615384616,Sedang
0.5103448275862069,0.4384449244060476,0.010703363914373085,0.546153846153846,0.6888888888888889,0.07692307692307693,Sedang
0.4,0.4384449244060476,0.2996941896024464,0.5384615384615383,0.5711111111111111,0.038461538461538436,Sedang
0.22758620689655173,0.634989200863931,0.0,0.7000000000000002,0.508888888888889,0.26923076923076916,Sedang
0.4,0.32073434125269984,0.341743119266055,0.25384615384615383,0.34444444444444455,0.5,Sedang
0.6,0.4524838012958963,0.23394495412844035,0.592307692307692,0.5733333333333333,0.4807692307692307,Tidak Sehat
0.3310344827586207,0.3326133909287257,0.1605504587155963,0.6923076923076921,0.6133333333333333,0.5961538461538461,Sedang
0.6068965517241379,0.33801295896328293,0.0,0.12307692307692308,0.28,0.15384615384615385,Tidak Sehat
0.0,0.3650107991360691,0.3853211009174311,0.523076923076923,0.6288888888888888,0.0,Sedang
0.48275862068965514,0.4794816414686825,0.1452599388379205,0.3615384615384616,0.5200000000000002,0.5576923076923076,Sedang
0.35172413793103446,0.3282937365010799,0.0,0.4461538461538459,0.13111111111111118,0.23076923076923073,Sedang
0.28965517241379307,0.7030237580993521,0.0,0.5307692307692307,0.36444444444444457,0.0,Sedang
0.35172413793103446,0.23866090712742982,0.26146788990825687,0.36923076923076925,0.46444444444444466,0.40384615384615385,Sedang
0.0,0.39200863930885527,0.6743119266055045,0.3307692307692309,0.9755555555555557,0.5384615384615383,Tidak Sehat
0.30344827586206896,0.33693304535637153,0.6483180428134556,0.46923076923076934,0.6799999999999999,0.3653846153846153,Tidak Sehat
0.4,0.7440604751619873,0.16284403669724767,0.25384615384615383,0.2577777777777779,0.28846153846153844,Sedang
0.593103448275862,0.4740820734341253,0.12920489296636084,0.25384615384615383,0.6644444444444446,0.3461538461538461,Tidak Sehat
0.2482758620689655,0.654427645788337,0.37538226299694183,0.592307692307692,0.21111111111111103,0.3076923076923077,Sedang
0.2,0.11123110151187908,0.0382262996941896,0.2384615384615385,0.7955555555555556,0.13461538461538458,Baik
0.2482758620689655,0.4892008639308855,0.33715596330275227,0.592307692307692,0.451111111111111,0.25,Sedang
0.496551724137931,0.6241900647948165,0.4434250764525993,0.5538461538461537,0.5355555555555553,0.4807692307692307,Sedang
0.393103448275862,0.449244060475162,0.5489296636085627,0.13076923076923053,0.8511111111111112,0.4423076923076922,Sedang
0.2482758620689655,0.6619870410367171,0.2446483180428134,0.3307692307692309,0.26888888888888896,0.42307692307692313,Sedang
0.4275862068965517,0.32073434125269984,0.22094801223241584,0.6923076923076921,0.24444444444444446,0.1923076923076923,Sedang
0.35172413793103446,0.736501079913607,0.0665137614678899,0.26923076923076916,0.42666666666666675,0.3461538461538461,Sedang
0.503448275862069,0.9287257019438446,0.07798165137614677,0.36923076923076925,0.7866666666666668,0.0,Sedang
0.21379310344827585,0.3531317494600433,0.21559633027522934,0.5538461538461537,0.21777777777777763,0.42307692307692313,Baik
0.2827586206896552,0.3358531317494601,0.35168195718654427,0.6153846153846154,0.0,0.6538461538461537,Sedang
0.2689655172413793,0.7462203023758099,0.4770642201834862,0.41538461538461524,0.4555555555555555,0.09615384615384615,Sedang
0.08275862068965517,0.7732181425485962,0.08333333333333333,0.34615384615384626,0.6777777777777778,0.26923076923076916,Sedang
0.38620689655172413,0.31857451403887693,0.610091743119266,0.7384615384615385,0.8222222222222222,0.4423076923076922,Tidak Sehat
0.38620689655172413,0.3412526997840173,0.20565749235474,0.7923076923076922,0.45333333333333337,0.6346153846153845,Sedang
0.33793103448275863,0.3714902807775378,0.2629969418960244,0.6461538461538461,0.46444444444444466,0.3076923076923077,Sedang
0.296551724137931,0.14146868250539962,0.09633027522935779,0.476923076923077,0.8111111111111111,0.25,Sedang
0.09655172413793103,0.2332613390928726,0.0,0.3076923076923075,0.1399999999999999,0.0,Baik
0.26206896551724135,0.21490280777537796,0.47018348623853207,0.2999999999999998,0.4688888888888887,0.40384615384615385,Sedang
0.2758620689655172,0.265658747300216,0.4365443425076452,0.5615384615384613,0.597777777777778,0.7692307692307692,Sedang
0.2,0.42440604751619865,0.20336391437308865,0.5384615384615383,0.6555555555555557,0.4423076923076922,Baik
0.31034482758620685,0.4827213822894169,0.282874617737003,0.7307692307692308,0.4422222222222223,0.3846153846153846,Sedang
0.4068965517241379,0.7667386609071275,0.3860856269113149,0.5846153846153848,0.5622222222222222,0.4423076923076922,Sedang
0.6620689655172413,0.2159827213822894,0.0,0.16923076923076907,0.0022222222222223476,0.3846153846153846,Tidak Sehat
0.36551724137931035,0.6447084233261341,0.14602446483180426,0.6615384615384614,0.4088888888888891,0.23076923076923073,Sedang
0.3793103448275862,0.38552915766738666,0.44954128440366964,0.26923076923076916,0.6555555555555557,0.5384615384615383,Sedang
0.32413793103448274,0.42116630669546434,0.0,0.3846153846153846,0.33777777777777795,0.42307692307692313,Sedang
0.006896551724137931,0.5777537796976243,0.33486238532110085,0.5076923076923077,0.5688888888888888,0.3846153846153846,Sedang
0.3310344827586207,0.18898488120950324,0.0,0.8461538461538463,0.6555555555555557,0.1923076923076923,Sedang
0.35172413793103446,0.514038876889849,0.37461773700305806,1.0,0.48,0.6346153846153845,Sedang
0.7655172413793103,0.46760259179265656,0.25917431192660545,0.5769230769230766,0.5933333333333335,0.5192307692307693,Tidak Sehat
0.30344827586206896,0.5377969762419007,0.0,0.4230769230769229,0.3422222222222224,0.26923076923076916,Sedang
0.393103448275862,0.49460043196544273,0.5344036697247706,0.5615384615384613,0.508888888888889,0.5769230769230769,Sedang
0.3310344827586207,0.9622030237580994,0.09938837920489295,0.6307692307692307,0.691111111111111,0.28846153846153844,Sedang
0.13793103448275862,0.29373650107991367,0.08180428134556574,0.3999999999999999,0.5911111111111109,0.23076923076923073,Baik
0.5379310344827586,0.3174946004319654,0.31345565749235466,0.8076923076923075,0.4244444444444444,0.23076923076923073,Sedang
0.4689655172413793,0.296976241900648,0.5313455657492354,0.5076923076923077,0.6044444444444446,0.038461538461538436,Sedang
0.4758620689655172,0.3120950323974082,0.03440366972477063,0.5538461538461537,0.7133333333333332,0.4807692307692307,Sedang
0.17931034482758623,0.294816414686825,0.2821100917431192,0.592307692307692,0.10000000000000009,0.038461538461538436,Sedang
0.5793103448275861,0.6889848812095033,0.3662079510703363,0.546153846153846,0.8133333333333332,0.15384615384615385,Tidak Sehat
0.09655172413793103,0.7386609071274299,0.42660550458715585,0.6230769230769231,0.48,0.0,Sedang
0.4413793103448276,0.3088552915766739,0.3081039755351681,0.34615384615384626,0.651111111111111,0.3653846153846153,Sedang
0.7172413793103448,0.2526997840172786,0.18348623853211005,0.3538461538461539,0.8222222222222222,0.3461538461538461,Tidak Sehat
0.16551724137931034,0.5334773218142549,0.07798165137614677,0.24615384615384595,0.25111111111111106,0.3269230769230769,Sedang
0.24137931034482757,0.31317494600431967,0.2874617737003058,0.546153846153846,0.397777777777778,0.1923076923076923,Sedang
0.35172413793103446,0.5691144708423328,0.02140672782874617,0.6076923076923073,0.49111111111111105,0.15384615384615385,Sedang
0.2482758620689655,0.4762419006479482,0.0,0.546153846153846,0.38222222222222224,0.4807692307692307,Sedang
0.06896551724137931,0.10475161987041036,0.3677370030581039,0.7846153846153849,0.94,0.26923076923076916,Sedang
0.35172413793103446,0.7667386609071275,0.4747706422018348,0.4615384615384617,0.36444444444444457,0.4423076923076922,Sedang
0.15172413793103445,0.8196544276457886,0.0,0.592307692307692,0.4311111111111112,0.21153846153846156,Sedang
0.4206896551724138,0.2991360691144709,0.03593272171253821,0.25384615384615383,0.6000000000000001,0.42307692307692313,Sedang
0.17931034482758623,0.347732181425486,0.4097859327217125,0.3846153846153846,0.288888888888889,0.6346153846153845,Sedang
0.6068965517241379,0.49352051835853133,0.7392966360856269,0.592307692307692,0.4666666666666668,0.5,Tidak Sehat
0.2,0.5043196544276459,0.2721712538226299,0.6230769230769231,0.6266666666666667,0.3076923076923077,Sedang
0.2827586206896552,0.57451403887689,0.10091743119266054,0.4076923076923076,0.48222222222222233,0.4423076923076922,Sedang
0.4758620689655172,0.8660907127429808,0.22553516819571862,0.4461538461538459,0.5355555555555553,0.3461538461538461,Sedang
0.12413793103448274,0.3941684665226782,0.5825688073394495,0.16923076923076907,0.4377777777777778,0.3846153846153846,Tidak Sehat
0.3793103448275862,0.2591792656587473,0.11926605504587155,0.39230769230769225,0.21999999999999997,0.3269230769230769,Sedang
0.5655172413793104,0.13390928725701945,0.08409785932721711,0.6307692307692307,0.6266666666666667,0.3461538461538461,Tidak Sehat
0.06206896551724138,0.27429805615550756,0.15672782874617736,0.569230769230769,0.9444444444444446,0.42307692307692313,Baik
0.37241379310344824,0.42440604751619865,0.048929663608562685,0.5615384615384613,0.56,0.1923076923076923,Sedang
0.3793103448275862,0.8196544276457886,0.29587155963302747,0.46923076923076934,0.6066666666666667,0.1923076923076923,Sedang
0.4758620689655172,0.3196544276457884,0.6399082568807339,0.4615384615384617,0.7088888888888891,0.11538461538461539,Tidak Sehat
0.12413793103448274,0.480561555075594,0.341743119266055,0.3307692307692309,0.2733333333333332,0.07692307692307693,Sedang
0.1103448275862069,0.4287257019438446,0.20948012232415897,0.592307692307692,0.9333333333333336,0.15384615384615385,Baik
0.4275862068965517,0.6889848812095033,0.20030581039755346,0.546153846153846,0.6000000000000001,0.42307692307692313,Sedang
0.38620689655172413,0.9773218142548596,0.0,0.5538461538461537,0.9177777777777778,0.21153846153846156,Sedang
0.3793103448275862,0.3174946004319654,0.47018348623853207,0.3615384615384616,0.3933333333333333,0.4807692307692307,Sedang
0.4,0.32613390928725705,0.24999999999999994,0.04615384615384621,0.96,0.3846153846153846,Sedang
0.2206896551724138,0.6576673866090714,0.22629969418960239,0.6692307692307691,0.7288888888888889,0.0,Sedang
0.3793103448275862,0.5788336933045357,1.0,0.36923076923076925,0.6777777777777778,0.5192307692307693,Tidak Sehat
0.38620689655172413,0.830453563714903,0.33639143730886845,0.29230769230769216,0.6066666666666667,0.5384615384615383,Sedang
0.21379310344827585,0.5583153347732183,0.0948012232415902,0.592307692307692,0.5,0.1923076923076923,Sedang
0.6620689655172413,0.3542116630669546,0.16972477064220182,0.3846153846153846,0.8222222222222222,0.46153846153846145,Tidak Sehat
0.4206896551724138,0.5593952483801297,0.5313455657492354,0.6615384615384614,0.5866666666666669,0.21153846153846156,Sedang
0.13103448275862067,0.6717062634989203,0.2935779816513761,0.5769230769230766,0.11777777777777776,0.40384615384615385,Sedang
0.44827586206896547,0.6090712742980563,0.0,0.592307692307692,0.30666666666666664,0.13461538461538458,Sedang
0.1724137931034483,0.5410367170626351,0.47859327217125375,0.19999999999999996,0.5133333333333332,0.038461538461538436,Sedang
0.4758620689655172,0.6619870410367171,0.1146788990825688,0.6923076923076921,0.6244444444444444,0.3076923076923077,Sedang
0.5379310344827586,0.6846652267818576,0.6972477064220183,0.5153846153846153,0.5422222222222224,0.3653846153846153,Tidak Sehat
0.19310344827586207,0.7300215982721383,0.5152905198776758,0.39230769230769225,0.8266666666666667,0.3076923076923077,Sedang
0.503448275862069,0.5723542116630671,0.1651376146788991,0.49230769230769234,0.12222222222222223,0.15384615384615385,Sedang
0.4068965517241379,0.3963282937365012,0.5611620795107034,0.12307692307692308,0.5866666666666669,0.3076923076923077,Sedang
0.48275862068965514,0.46328293736501086,0.282874617737003,0.5384615384615383,0.15111111111111097,0.4423076923076922,Sedang
0.6620689655172413,0.6922246220302376,0.4633027522935778,0.2615384615384613,0.7244444444444444,0.3846153846153846,Tidak Sehat
0.296551724137931,0.255939524838013,0.378440366972477,0.19999999999999996,0.5355555555555553,0.42307692307692313,Sedang
0.20689655172413796,0.511879049676026,0.07339449541284403,0.16923076923076907,0.6488888888888891,0.25,Sedang
0.18620689655172412,0.34665226781857456,0.12003058103975532,0.6769230769230767,0.36444444444444457,0.6153846153846154,Baik
0.2,0.4384449244060476,0.503822629969419,0.33846153846153815,0.8399999999999999,0.15384615384615385,Sedang
0.32413793103448274,0.7084233261339093,0.19113149847094796,0.7538461538461538,0.7866666666666668,0.4807692307692307,Sedang
0.4,0.4730021598272138,0.17507645259938837,0.3615384615384616,0.6844444444444444,0.6153846153846154,Sedang
0.38620689655172413,0.4416846652267819,0.0481651376146789,0.13076923076923053,0.5266666666666668,0.4807692307692307,Sedang
0.48275862068965514,0.13822894168466526,0.3646788990825688,0.24615384615384595,0.6844444444444444,0.3461538461538461,Sedang
0.33793103448275863,0.5928725701943847,0.7408256880733944,0.7000000000000002,0.397777777777778,0.28846153846153844,Tidak Sehat
0.5862068965517241,0.5712742980561556,0.022935779816513756,0.43076923076923057,0.7466666666666666,0.5769230769230769,Tidak Sehat
0.28965517241379307,0.8995680345572354,0.27293577981651373,0.3538461538461539,0.922222222222222,0.11538461538461539,Sedang
0.806896551724138,0.3650107991360691,0.591743119266055,0.49230769230769234,0.7933333333333334,0.1923076923076923,Tidak Sehat
0.44827586206896547,0.4794816414686825,0.24923547400611618,0.5615384615384613,0.3933333333333333,0.3076923076923077,Sedang
0.19310344827586207,0.4859611231101512,0.3715596330275229,0.6769230769230767,0.6355555555555554,0.6153846153846154,Sedang
0.15172413793103445,0.7721382289416848,0.023700305810397546,0.7384615384615385,0.26888888888888896,0.46153846153846145,Sedang
0.4206896551724138,0.41144708423326143,0.3654434250764525,0.39230769230769225,0.6822222222222223,0.1923076923076923,Sedang
0.296551724137931,0.49244060475161994,0.2247706422018348,0.20769230769230762,0.6555555555555557,0.3269230769230769,Sedang
0.46206896551724136,0.5637149028077755,0.49388379204892957,0.3846153846153846,0.1399999999999999,0.26923076923076916,Sedang
0.4206896551724138,0.4719222462203025,0.5397553516819571,0.5153846153846153,0.2977777777777777,0.25,Sedang
0.32413793103448274,0.3358531317494601,0.8616207951070336,0.2769230769230768,0.4933333333333334,0.5769230769230769,Tidak Sehat
0.19310344827586207,0.4740820734341253,0.4006116207951069,0.2769230769230768,0.48888888888888893,0.11538461538461539,Sedang
0.07586206896551724,0.66414686825054,0.34250764525993876,0.5307692307692307,0.2866666666666666,0.6923076923076922,Sedang
0.26206896551724135,0.2105831533477322,0.31192660550458706,0.45384615384615357,0.6422222222222225,0.5384615384615383,Sedang
0.48275862068965514,0.46112311015118795,0.18654434250764523,0.46923076923076934,0.6111111111111112,0.5961538461538461,Sedang
0.37241379310344824,0.2807775377969763,0.34556574923547395,0.3153846153846156,0.5133333333333332,0.28846153846153844,Sedang
0.12413793103448274,0.6900647948164148,0.1995412844036697,0.41538461538461524,0.3866666666666667,0.3653846153846153,Sedang
0.36551724137931035,0.10259179265658748,0.30657492354740057,0.2846153846153845,0.788888888888889,0.11538461538461539,Sedang
0.4068965517241379,0.31101511879049676,0.5695718654434251,0.6307692307692307,0.9244444444444442,0.28846153846153844,Sedang
0.18620689655172412,0.5129589632829374,0.03669724770642202,0.6615384615384614,0.4488888888888889,0.4807692307692307,Sedang
0.36551724137931035,0.7699784017278618,0.5290519877675841,0.10769230769230753,0.42000000000000015,0.6346153846153845,Sedang
0.3448275862068965,0.41792656587473004,0.5695718654434251,0.2846153846153845,0.6644444444444446,0.17307692307692302,Sedang
0.13793103448275862,0.3120950323974082,0.24082568807339444,0.17692307692307696,0.47555555555555573,0.3076923076923077,Baik
0.4,0.838012958963283,0.0,0.33846153846153815,0.5244444444444443,0.3461538461538461,Sedang
0.43448275862068964,0.1187904967602592,0.12844036697247707,0.4461538461538459,0.7200000000000002,0.11538461538461539,Sedang
0.5241379310344827,0.0,0.5649847094801224,0.1846153846153844,0.13111111111111118,0.5,Sedang
0.5172413793103448,0.5269978401727863,0.2622324159021406,0.2846153846153845,0.848888888888889,0.25,Sedang
0.10344827586206896,0.32397408207343414,0.0382262996941896,0.26923076923076916,0.5711111111111111,0.3461538461538461,Baik
0.17931034482758623,0.21166306695464365,0.15214067278287458,0.5,0.46444444444444466,0.28846153846153844,Baik
0.4275862068965517,0.5853131749460044,0.46024464831804274,0.476923076923077,0.5355555555555553,0.23076923076923073,Sedang
0.4275862068965517,0.4848812095032397,0.392966360856269,0.3230769230769228,0.5466666666666666,0.3846153846153846,Sedang
0.4275862068965517,0.30993520518358536,0.2125382262996941,0.49230769230769234,0.1711111111111112,0.3461538461538461,Sedang
1.0,0.15550755939524835,0.18348623853211005,0.3538461538461539,0.8866666666666667,0.3076923076923077,Tidak Sehat
0.43448275862068964,0.6198704103671708,0.17737003058103973,0.4076923076923076,0.5644444444444445,0.25,Sedang
0.5310344827586206,0.5723542116630671,0.05581039755351681,0.7846153846153849,0.6533333333333335,0.4423076923076922,Sedang
0.503448275862069,0.4103671706263499,0.6383792048929663,0.7230769230769227,0.7666666666666666,0.7115384615384616,Tidak Sehat
0.44827586206896547,0.830453563714903,0.19342507645259938,0.21538461538461529,0.3288888888888888,0.40384615384615385,Sedang
0.2827586206896552,0.20086393088552917,0.5466360856269112,0.6230769230769231,0.6600000000000001,0.5769230769230769,Sedang
0.4689655172413793,0.10259179265658748,0.6162079510703363,0.6153846153846154,0.4955555555555555,0.11538461538461539,Tidak Sehat
0.20689655172413796,0.2829373650107992,0.496177370030581,0.2384615384615385,0.7444444444444445,0.42307692307692313,Sedang
0.296551724137931,0.42224622030237585,0.16896024464831805,0.6153846153846154,0.0822222222222222,0.17307692307692302,Sedang
0.2551724137931034,0.4848812095032397,0.360091743119266,0.7538461538461538,0.5333333333333334,0.09615384615384615,Sedang
0.35172413793103446,0.38012958963282945,0.2622324159021406,0.24615384615384595,0.4222222222222223,0.25,Sedang
0.7379310344827587,0.5075593952483802,0.060397553516819566,0.2846153846153845,0.651111111111111,0.6153846153846154,Tidak Sehat
0.013793103448275862,0.16198704103671707,0.341743119266055,0.6538461538461537,0.6600000000000001,0.5769230769230769,Sedang
0.4551724137931034,0.7440604751619873,0.0,0.5153846153846153,0.397777777777778,0.42307692307692313,Sedang
0.06206896551724138,0.41468682505399573,0.5397553516819571,0.569230769230769,0.397777777777778,0.09615384615384615,Sedang
0.2551724137931034,0.6727861771058317,0.16131498470948014,0.5307692307692307,0.5311111111111113,0.3461538461538461,Sedang
0.5241379310344827,0.5064794816414687,0.31345565749235466,0.5384615384615383,0.3555555555555556,0.4423076923076922,Sedang
0.35172413793103446,0.5302375809935206,0.3325688073394495,0.20769230769230762,0.7422222222222223,0.42307692307692313,Sedang
0.15172413793103445,0.5550755939524838,0.20795107033639143,0.6615384615384614,0.4733333333333334,0.038461538461538436,Sedang
0.21379310344827585,0.5291576673866092,0.4021406727828746,0.6846153846153844,0.0,0.21153846153846156,Sedang
0.4551724137931034,0.5712742980561556,0.15902140672782872,0.41538461538461524,0.4733333333333334,0.3653846153846153,Sedang
0.21379310344827585,0.7192224622030238,0.46712538226299677,0.45384615384615357,0.3244444444444443,0.4807692307692307,Sedang
0.37241379310344824,0.4740820734341253,0.0,0.16923076923076907,0.19333333333333336,0.0,Sedang
0.3448275862068965,0.5853131749460044,0.29663608562691124,0.5615384615384613,0.28,0.3461538461538461,Sedang
0.22758620689655173,0.4125269978401728,0.7125382262996942,0.569230769230769,0.5799999999999998,0.40384615384615385,Tidak Sehat
0.7103448275862069,0.7429805615550756,0.0382262996941896,0.4461538461538459,0.8511111111111112,0.5384615384615383,Tidak Sehat
0.44827586206896547,0.2861771058315335,0.11238532110091741,0.6769230769230767,0.6244444444444444,0.5192307692307693,Sedang
0.0,0.8207343412527,0.3853211009174311,0.3999999999999999,0.42000000000000015,0.5,Sedang
0.37241379310344824,0.42332613390928736,0.30886850152905193,0.569230769230769,0.6577777777777776,0.23076923076923073,Sedang
0.2206896551724138,0.12311015118790496,0.3478593272171253,0.26923076923076916,0.45333333333333337,0.019230769230769218,Sedang
0.48275862068965514,0.46004319654427656,0.3799694189602446,0.45384615384615357,0.40222222222222204,0.3076923076923077,Sedang
0.2,0.28509719222462204,0.4128440366972476,0.43076923076923057,0.30000000000000004,0.5769230769230769,Sedang
0.3172413793103448,0.613390928725702,0.52217125382263,0.5076923076923077,0.16666666666666674,0.6538461538461537,Sedang
0.4275862068965517,0.29049676025917925,0.36162079510703354,0.39230769230769225,0.4688888888888887,0.5192307692307693,Sedang
0.4896551724137931,0.3358531317494601,0.2125382262996941,0.43846153846153824,0.5911111111111109,0.46153846153846145,Sedang
0.13103448275862067,0.023758099352051823,0.4220183486238532,0.6230769230769231,0.5333333333333334,0.46153846153846145,Sedang
0.2827586206896552,0.3347732181425486,0.7033639143730887,0.3769230769230769,0.4622222222222221,0.26923076923076916,Tidak Sehat
0.2551724137931034,0.0,0.23700305810397548,0.15384615384615374,0.34444444444444455,0.3653846153846153,Baik
0.22758620689655173,0.08963282937365012,0.04434250764525993,0.7999999999999998,0.691111111111111,0.7115384615384616,Baik
0.6413793103448275,0.596112311015119,0.5214067278287462,0.7307692307692308,0.26222222222222213,0.21153846153846156,Tidak Sehat
0.4068965517241379,0.6015118790496762,0.24006116207951067,0.21538461538461529,0.7288888888888889,0.6923076923076922,Sedang
0.11724137931034483,0.523758099352052,0.0,0.592307692307692,0.33333333333333326,0.3269230769230769,Sedang
0.496551724137931,0.22354211663066953,0.4617737003058104,0.3615384615384616,0.38888888888888884,0.6346153846153845,Sedang
0.703448275862069,0.42116630669546434,0.14449541284403666,0.5153846153846153,0.22888888888888892,0.11538461538461539,Tidak Sehat
0.5172413793103448,0.43088552915766737,0.24694189602446476,0.5153846153846153,0.4444444444444444,0.5,Sedang
0.07586206896551724,0.18142548596112312,0.34403669724770636,0.41538461538461524,0.7733333333333332,0.25,Sedang
0.2551724137931034,0.7570194384449245,0.31116207951070335,0.3076923076923075,0.6711111111111112,0.11538461538461539,Sedang
0.5586206896551723,0.6209503239740822,0.4304281345565748,0.3307692307692309,0.7733333333333332,0.42307692307692313,Tidak Sehat
0.21379310344827585,0.3844492440604752,0.1674311926605504,0.2846153846153845,0.6711111111111112,0.5769230769230769,Baik
0.4137931034482758,0.4373650107991361,0.3853211009174311,0.2999999999999998,0.3111111111111111,0.23076923076923073,Sedang
0.4689655172413793,0.4773218142548597,0.20795107033639143,0.4461538461538459,0.48222222222222233,0.09615384615384615,Sedang
0.17931034482758623,0.0,0.437308868501529,0.3230769230769228,0.38222222222222224,0.3653846153846153,Sedang
0.3310344827586207,0.379049676025918,0.40902140672782866,0.592307692307692,0.8511111111111112,0.3653846153846153,Sedang
0.0,0.28509719222462204,0.05275229357798164,0.7461538461538462,0.288888888888889,0.4807692307692307,Baik
0.1586206896551724,0.2159827213822894,0.5168195718654434,0.34615384615384626,0.7533333333333334,0.5576923076923076,Sedang
0.296551724137931,0.3714902807775378,0.14449541284403666,0.5076923076923077,0.7533333333333334,0.3653846153846153,Sedang
0.12413793103448274,0.8207343412527,0.4525993883792048,0.5538461538461537,0.9622222222222221,0.75,Sedang
0.6206896551724137,0.5701943844492441,0.35168195718654427,0.5538461538461537,0.46444444444444466,0.42307692307692313,Tidak Sehat
0.0896551724137931,0.3088552915766739,0.6888379204892965,0.476923076923077,0.7133333333333332,0.3269230769230769,Tidak Sehat
0.26206896551724135,0.5561555075593954,0.21636085626911306,0.6076923076923073,1.0,0.07692307692307693,Sedang
0.3586206896551724,0.7343412526997841,0.187308868501529,0.5538461538461537,0.4177777777777778,0.3269230769230769,Sedang
0.5862068965517241,0.6317494600431967,0.2629969418960244,0.22307692307692295,0.21333333333333337,0.3269230769230769,Tidak Sehat
0.0896551724137931,0.4449244060475162,0.1980122324159021,0.6307692307692307,0.13777777777777778,0.5769230769230769,Sedang
0.5379310344827586,0.2926565874730022,0.45107033639143723,0.6307692307692307,0.7133333333333332,0.4807692307692307,Sedang
0.33793103448275863,0.5831533477321815,0.0,0.3153846153846156,0.13777777777777778,0.15384615384615385,Sedang
0.16551724137931034,0.5172786177105833,0.025993883792048922,0.46923076923076934,0.4733333333333334,0.42307692307692313,Sedang
0.4206896551724138,0.625269978401728,0.022935779816513756,0.592307692307692,0.6533333333333335,0.5192307692307693,Sedang
0.37241379310344824,0.5691144708423328,0.4854740061162079,0.4230769230769229,0.597777777777778,0.673076923076923,Sedang
0.23448275862068962,0.6587473002159828,0.6597859327217125,0.6692307692307691,0.651111111111111,0.5576923076923076,Tidak Sehat
0.35172413793103446,0.31641468682505397,0.24388379204892963,0.9153846153846152,0.6044444444444446,0.5384615384615383,Sedang
0.2689655172413793,0.7159827213822895,0.22859327217125375,0.3076923076923075,0.8399999999999999,0.40384615384615385,Sedang
0.3586206896551724,0.4751619870410368,0.28363914373088683,0.1923076923076923,0.34444444444444455,0.46153846153846145,Sedang
0.4551724137931034,0.8801295896328295,0.5344036697247706,0.523076923076923,0.4044444444444446,0.6153846153846154,Sedang
0.6137931034482759,0.2829373650107992,0.05504587155963302,0.6000000000000001,0.38444444444444437,0.13461538461538458,Tidak Sehat
0.12413793103448274,0.8066954643628511,0.3226299694189602,0.41538461538461524,0.74,0.3269230769230769,Sedang
0.703448275862069,0.4751619870410368,0.49159021406727815,0.7384615384615385,0.7555555555555555,0.23076923076923073,Tidak Sehat
0.0,0.2915766738660907,0.38226299694189597,0.20769230769230762,0.6555555555555557,0.46153846153846145,Sedang
0.31034482758620685,0.32721382289416845,0.31116207951070335,0.592307692307692,0.8177777777777777,0.6153846153846154,Sedang
0.4413793103448276,0.36285097192224625,0.49694189602446476,0.34615384615384626,0.29333333333333345,0.26923076923076916,Sedang
0.38620689655172413,0.523758099352052,0.0,0.7923076923076922,0.9266666666666667,0.0,Sedang
0.22758620689655173,0.5453563714902808,0.4227828746177369,0.8461538461538463,0.8933333333333335,0.3076923076923077,Sedang
0.30344827586206896,0.30777537796976245,0.11773700305810396,0.3153846153846156,0.7200000000000002,0.5576923076923076,Sedang
0.2551724137931034,0.42656587473002167,0.0,0.3538461538461539,0.951111111111111,0.4807692307692307,Baik
0.23448275862068962,0.8941684665226783,0.38455657492354733,0.6230769230769231,0.18666666666666654,0.46153846153846145,Sedang
0.48275862068965514,0.8056155507559396,0.5825688073394495,0.3846153846153846,0.43999999999999995,0.3269230769230769,Tidak Sehat
0.4,0.5259179265658749,0.23623853211009166,0.45384615384615357,0.39111111111111097,0.13461538461538458,Sedang
0.2206896551724138,0.4406047516198704,0.48623853211009166,0.46923076923076934,0.7155555555555557,0.4807692307692307,Sedang
0.4896551724137931,0.45788336933045354,0.6376146788990825,0.0923076923076922,0.3222222222222222,0.23076923076923073,Tidak Sehat
0.393103448275862,0.5647948164146869,0.5688073394495413,0.4615384615384617,0.7244444444444444,0.8076923076923077,Sedang
0.4758620689655172,0.2105831533477322,0.6437308868501529,0.3307692307692309,0.8600000000000001,0.5,Tidak Sehat
0.44827586206896547,0.37688984881209503,0.43807339449541277,0.36923076923076925,0.711111111111111,0.26923076923076916,Sedang
0.19310344827586207,0.07127429805615552,0.28516819571865437,0.7384615384615385,0.6177777777777778,0.26923076923076916,Sedang
0.24137931034482757,0.5183585313174947,0.0,0.22307692307692295,0.3355555555555554,0.3653846153846153,Sedang
0.4689655172413793,0.5712742980561556,0.21100917431192656,0.6153846153846154,0.3666666666666667,0.3461538461538461,Sedang
0.4413793103448276,0.32721382289416845,0.07415902140672781,0.4076923076923076,0.8333333333333333,0.5961538461538461,Sedang
0.3310344827586207,0.7721382289416848,0.7652905198776757,0.4076923076923076,0.7288888888888889,0.42307692307692313,Tidak Sehat
0.3586206896551724,0.16738660907127428,0.2270642201834862,0.6153846153846154,0.5466666666666666,0.25,Sedang
0.5586206896551723,0.11555075593952484,0.29587155963302747,0.5307692307692307,0.4622222222222221,0.75,Tidak Sehat
0.23448275862068962,0.480561555075594,0.39373088685015284,0.569230769230769,0.10444444444444456,0.3846153846153846,Sedang
0.43448275862068964,0.6576673866090714,0.27752293577981646,0.6461538461538461,0.3177777777777777,0.5384615384615383,Sedang
0.30344827586206896,0.7958963282937367,0.6567278287461774,0.3999999999999999,0.98,0.26923076923076916,Tidak Sehat
0.30344827586206896,0.3326133909287257,0.1246177370030581,0.34615384615384626,0.2711111111111111,0.46153846153846145,Sedang
0.5241379310344827,0.6652267818574514,0.31192660550458706,0.25384615384615383,0.597777777777778,0.4423076923076922,Sedang
0.48275862068965514,0.42332613390928736,0.09709480122324156,0.2999999999999998,0.7799999999999998,0.019230769230769218,Sedang
0.4758620689655172,0.3941684665226782,0.0,1.0,0.2777777777777777,0.7692307692307692,Sedang
0.5655172413793104,0.6231101511879051,0.12691131498470948,0.7000000000000002,0.5955555555555556,0.6346153846153845,Tidak Sehat
0.3448275862068965,0.5723542116630671,0.25917431192660545,0.19999999999999996,0.7644444444444447,0.3076923076923077,Sedang
0.4551724137931034,0.091792656587473,0.16896024464831805,0.20769230769230762,0.5577777777777777,0.17307692307692302,Sedang
0.2827586206896552,0.7505399568034559,0.10856269113149845,0.5538461538461537,1.0,0.4423076923076922,Sedang
0.393103448275862,0.7300215982721383,0.0,0.569230769230769,0.1844444444444444,0.40384615384615385,Sedang
0.3172413793103448,0.296976241900648,0.24847094801223235,0.569230769230769,0.7911111111111111,0.46153846153846145,Sedang
0.35172413793103446,0.5172786177105833,0.0,0.41538461538461524,0.5177777777777777,0.42307692307692313,Sedang
0.4413793103448276,0.5388768898488122,0.4418960244648317,0.43846153846153824,0.7266666666666668,0.4807692307692307,Sedang
0.2,0.4881209503239741,0.28669724770642196,0.523076923076923,0.6533333333333335,0.6538461538461537,Sedang
0.696551724137931,0.31317494600431967,0.0,0.476923076923077,0.3933333333333333,0.5,Tidak Sehat
0.16551724137931034,0.28725701943844495,0.1964831804281345,0.038461538461538325,0.6066666666666667,0.1923076923076923,Baik
0.13103448275862067,0.42656587473002167,0.0948012232415902,0.41538461538461524,0.14222222222222225,0.6538461538461537,Baik
0.5379310344827586,0.685745140388769,0.3409785932721712,0.2999999999999998,0.6888888888888889,0.6923076923076922,Sedang
0.4758620689655172,0.5496760259179266,0.5749235474006116,0.49230769230769234,0.6222222222222222,0.9999999999999999,Sedang
0.44827586206896547,0.35205183585313177,0.0,1.0,0.6977777777777778,0.17307692307692302,Sedang
0.44827586206896547,0.5982721382289419,0.2943425076452599,0.5307692307692307,0.7911111111111111,0.42307692307692313,Sedang
0.33793103448275863,0.0,0.23088685015290517,0.3999999999999999,0.6377777777777778,0.0,Sedang
0.18620689655172412,0.6803455723542118,0.42125382262996935,0.6384615384615384,0.5888888888888888,0.5,Sedang
0.35172413793103446,0.05615550755939526,0.31651376146788984,0.5538461538461537,0.3600000000000001,0.28846153846153844,Sedang
0.2206896551724138,0.3542116630669546,0.0948012232415902,0.546153846153846,0.397777777777778,0.75,Baik
0.503448275862069,0.1900647948164147,0.19418960244648314,0.5769230769230766,0.8200000000000001,0.23076923076923073,Sedang
0.31034482758620685,0.15226781857451405,0.08486238532110091,0.8538461538461539,0.8755555555555556,0.05769230769230771,Sedang
0.19310344827586207,0.6825053995680347,0.5145259938837919,0.24615384615384595,0.5022222222222221,0.28846153846153844,Sedang
0.2827586206896552,0.33045356371490286,0.2721712538226299,0.5538461538461537,0.5666666666666667,0.0,Sedang
0.4068965517241379,0.5064794816414687,0.7033639143730887,0.2846153846153845,0.3555555555555556,0.5384615384615383,Tidak Sehat
0.24137931034482757,0.42224622030237585,0.25382262996941896,0.569230769230769,0.8155555555555556,0.0,Baik
0.19310344827586207,0.5345572354211664,0.1047400611620795,0.2846153846153845,0.7044444444444444,0.3846153846153846,Sedang
0.3793103448275862,0.4481641468682506,0.0,0.3846153846153846,0.9866666666666668,0.0,Sedang
0.3793103448275862,0.15442764578833695,0.0,0.4076923076923076,0.3600000000000001,0.3269230769230769,Sedang
0.2482758620689655,0.646868250539957,0.0,0.6461538461538461,0.47111111111111126,0.6923076923076922,Sedang
0.2551724137931034,0.3250539956803456,0.32874617737003053,0.6384615384615384,0.6066666666666667,0.46153846153846145,Sedang
0.3793103448275862,0.09611231101511879,0.38455657492354733,0.22307692307692295,0.7,0.21153846153846156,Sedang
0.0896551724137931,0.3390928725701944,0.0,0.46923076923076934,0.5066666666666666,0.3846153846153846,Baik
0.09655172413793103,0.7559395248380131,0.47324159021406725,0.3230769230769228,0.3622222222222222,0.3846153846153846,Sedang
0.21379310344827585,0.6155507559395249,0.15672782874617736,0.22307692307692295,0.7511111111111111,0.4807692307692307,Sedang
0.30344827586206896,0.3563714902807776,0.301223241590214,0.4230769230769229,0.7155555555555557,0.11538461538461539,Sedang
0.393103448275862,0.3563714902807776,0.6376146788990825,0.3999999999999999,0.35111111111111115,0.5,Tidak Sehat
0.593103448275862,0.36285097192224625,0.47324159021406725,0.930769230769231,0.8577777777777778,0.0,Tidak Sehat
0.48275862068965514,0.8801295896328295,0.20565749235474,0.546153846153846,0.8155555555555556,0.26923076923076916,Sedang
0.31034482758620685,0.514038876889849,0.06345565749235474,0.19999999999999996,0.5844444444444443,0.28846153846153844,Sedang
0.33793103448275863,0.5248380129589634,0.0,0.3538461538461539,0.5733333333333333,0.5,Sedang
0.16551724137931034,0.654427645788337,0.10244648318042811,0.6615384615384614,0.6777777777777778,0.3846153846153846,Sedang
0.33793103448275863,0.4838012958963283,0.2194189602446483,0.8615384615384616,0.36444444444444457,0.11538461538461539,Sedang
0.28965517241379307,0.3758099352051836,0.04128440366972476,0.15384615384615374,0.5622222222222222,0.1923076923076923,Sedang
0.393103448275862,0.3898488120950324,0.2377675840978593,0.09999999999999987,0.07777777777777772,0.42307692307692313,Sedang
0.19310344827586207,0.41684665226781864,0.28516819571865437,0.8230769230769233,0.7511111111111111,0.3653846153846153,Sedang
0.4275862068965517,0.42440604751619865,0.21636085626911306,0.5384615384615383,0.2088888888888889,0.26923076923076916,Sedang
0.6,0.5896328293736501,0.11850152905198776,0.29230769230769216,0.8888888888888888,0.28846153846153844,Tidak Sehat
0.3172413793103448,0.4427645788336933,0.30657492354740057,0.5615384615384613,0.48222222222222233,0.5192307692307693,Sedang
0.4068965517241379,0.5907127429805616,0.36926605504587146,0.0,0.508888888888889,0.28846153846153844,Sedang
0.4551724137931034,0.41468682505399573,0.017584097859327213,0.4615384615384617,0.4155555555555557,0.3653846153846153,Sedang
0.2689655172413793,0.449244060475162,0.5909785932721712,0.523076923076923,0.49111111111111105,0.8076923076923077,Tidak Sehat
0.3793103448275862,0.0,0.2446483180428134,0.6384615384615384,0.8711111111111112,0.11538461538461539,Sedang
0.33793103448275863,0.6295896328293737,0.2721712538226299,0.26923076923076916,0.0022222222222223476,0.019230769230769218,Sedang
0.35172413793103446,0.5064794816414687,0.4296636085626911,0.476923076923077,0.8399999999999999,0.5384615384615383,Sedang
0.20689655172413796,0.6479481641468684,0.3211009174311926,0.2846153846153845,0.6311111111111112,0.25,Sedang
0.3448275862068965,0.0,0.48623853211009166,0.5076923076923077,0.2866666666666666,0.3269230769230769,Sedang
0.4206896551724138,0.8833693304535638,0.33333333333333326,0.29230769230769216,0.3155555555555556,0.23076923076923073,Sedang
0.5862068965517241,0.4017278617710584,0.12691131498470948,0.3846153846153846,0.9288888888888889,0.3269230769230769,Tidak Sehat
0.503448275862069,0.6717062634989203,0.3501529051987767,0.26923076923076916,0.34444444444444455,0.6923076923076922,Sedang
0.7103448275862069,0.20734341252699784,0.005351681957186542,0.5846153846153848,0.30000000000000004,0.5384615384615383,Tidak Sehat
0.20689655172413796,0.5647948164146869,0.2928134556574923,0.6230769230769231,0.808888888888889,0.5576923076923076,Sedang
0.4896551724137931,0.20410367170626348,0.2599388379204892,0.41538461538461524,0.6311111111111112,0.11538461538461539,Sedang
0.37241379310344824,0.296976241900648,0.22018348623853207,0.46923076923076934,0.34666666666666646,0.15384615384615385,Sedang
0.7172413793103448,0.8455723542116632,0.2377675840978593,0.1846153846153844,0.6044444444444446,0.0,Tidak Sehat
0.2,0.3909287257019439,0.0,0.4076923076923076,0.32666666666666666,0.23076923076923073,Baik
0.19310344827586207,0.4784017278617711,0.14143730886850153,0.45384615384615357,0.8,0.5769230769230769,Sedang
0.23448275862068962,0.6198704103671708,0.2889908256880733,0.9692307692307693,0.7911111111111111,0.4807692307692307,Sedang
0.0,0.5388768898488122,0.30428134556574915,0.24615384615384595,0.6733333333333333,0.3461538461538461,Sedang
0.2482758620689655,0.46436285097192226,0.032110091743119254,0.7461538461538462,0.6355555555555554,0.3846153846153846,Sedang
0.20689655172413796,0.5107991360691145,0.5581039755351681,0.6538461538461537,0.9466666666666668,0.25,Sedang
0.36551724137931035,0.951403887688985,0.06880733944954127,0.5153846153846153,0.5555555555555556,0.42307692307692313,Sedang
0.4,0.41900647948164144,0.4900611620795106,0.7999999999999998,0.29333333333333345,0.5384615384615383,Sedang
0.6620689655172413,0.4751619870410368,0.3654434250764525,0.5307692307692307,0.6555555555555557,0.07692307692307693,Tidak Sehat
0.503448275862069,0.6587473002159828,0.11926605504587155,0.5384615384615383,1.0,0.4423076923076922,Sedang
0.24137931034482757,0.6706263498920086,0.6750764525993883,0.45384615384615357,0.33111111111111113,0.5576923076923076,Tidak Sehat
0.18620689655172412,0.6879049676025919,0.0,0.7000000000000002,0.47555555555555573,0.3076923076923077,Sedang
0.4206896551724138,0.5701943844492441,0.47859327217125375,0.6692307692307691,0.6488888888888891,0.5192307692307693,Sedang
0.1103448275862069,0.18466522678185748,0.49694189602446476,0.33846153846153815,0.5444444444444445,0.923076923076923,Sedang
0.6551724137931034,0.7850971922246222,0.11391437308868498,0.20769230769230762,0.33777777777777795,0.3653846153846153,Tidak Sehat
0.5379310344827586,0.18466522678185748,0.5871559633027522,0.4230769230769229,0.8044444444444445,0.46153846153846145,Tidak Sehat
0.2551724137931034,0.49784017278617715,0.2102446483180428,0.3076923076923075,1.0,0.25,Sedang
0.041379310344827586,0.2688984881209503,0.3340978593272171,0.4461538461538459,0.6000000000000001,0.42307692307692313,Sedang
0.5724137931034483,0.41792656587473004,0.32721712538226294,0.7000000000000002,0.3555555555555556,0.4807692307692307,Tidak Sehat
0.3172413793103448,0.5032397408207344,0.23700305810397548,0.3769230769230769,0.21111111111111103,0.42307692307692313,Sedang
0.5517241379310345,0.5010799136069115,0.4533639143730886,0.45384615384615357,0.6133333333333333,0.1923076923076923,Tidak Sehat
0.06206896551724138,0.5226781857451405,0.44954128440366964,0.46923076923076934,0.8,0.42307692307692313,Sedang
0.23448275862068962,0.7807775377969763,0.0,0.6230769230769231,0.6622222222222223,0.673076923076923,Sedang
0.33793103448275863,0.5302375809935206,0.5665137614678898,0.03076923076923066,0.5555555555555556,0.46153846153846145,Sedang
0.3448275862068965,0.379049676025918,0.0,0.34615384615384626,0.4244444444444444,0.5769230769230769,Sedang
0.26206896551724135,0.6403887688984882,0.5045871559633027,0.5,0.31333333333333324,0.3461538461538461,Sedang
0.44827586206896547,0.6889848812095033,0.5259938837920489,0.6923076923076921,0.74,0.5192307692307693,Sedang
0.15172413793103445,0.16630669546436283,0.017584097859327213,0.36923076923076925,0.7577777777777777,0.4423076923076922,Baik
0.31034482758620685,0.5604751619870412,0.17354740061162077,0.09999999999999987,0.21111111111111103,0.1923076923076923,Sedang
0.3586206896551724,0.5831533477321815,0.01376146788990825,0.5769230769230766,0.9088888888888889,0.4423076923076922,Sedang
0.4275862068965517,0.367170626349892,0.21865443425076447,0.33846153846153815,0.6822222222222223,0.1923076923076923,Sedang
0.46206896551724136,0.7289416846652269,0.19724770642201833,0.23076923076923062,0.8666666666666667,0.26923076923076916,Sedang
0.14482758620689656,0.3995680345572355,0.44648318042813445,0.33846153846153815,0.2577777777777779,0.42307692307692313,Sedang
0.07586206896551724,0.45896328293736505,0.5680428134556574,0.4230769230769229,0.25111111111111106,0.4423076923076922,Sedang
0.5586206896551723,0.3941684665226782,0.5879204892966361,0.34615384615384626,0.5222222222222221,0.15384615384615385,Tidak Sehat
0.393103448275862,0.4352051835853132,0.13837920489296635,0.038461538461538325,0.6666666666666667,0.5961538461538461,Sedang
0.20689655172413796,0.19546436285097196,0.2194189602446483,0.6307692307692307,0.9555555555555557,0.5,Baik
0.6068965517241379,0.12095032397408208,0.0,0.7076923076923074,0.7133333333333332,0.25,Tidak Sehat
0.3586206896551724,0.7764578833693306,0.08256880733944953,0.5846153846153848,0.5022222222222221,0.09615384615384615,Sedang
0.5379310344827586,0.2494600431965443,0.4885321100917431,0.24615384615384595,0.32666666666666666,0.3653846153846153,Sedang
0.35172413793103446,0.21814254859611232,0.6383792048929663,0.4230769230769229,0.8288888888888888,0.3076923076923077,Tidak Sehat
0.696551724137931,0.0,0.0,0.4615384615384617,0.3422222222222224,0.40384615384615385,Tidak Sehat
0.6413793103448275,0.29373650107991367,0.1314984709480122,0.5769230769230766,0.9177777777777778,0.3076923076923077,Tidak Sehat
0.296551724137931,0.14578833693304538,0.26146788990825687,0.592307692307692,0.4933333333333334,0.0,Sedang
0.503448275862069,0.7861771058315336,0.33180428134556567,0.3230769230769228,0.9088888888888889,0.3076923076923077,Sedang
0.44827586206896547,0.6501079913606913,0.08180428134556574,0.476923076923077,0.7066666666666666,0.3269230769230769,Sedang
0.5724137931034483,0.2829373650107992,0.3646788990825688,0.546153846153846,0.5244444444444443,0.5,Tidak Sehat
0.1724137931034483,0.9179265658747302,0.15902140672782872,0.7384615384615385,0.43999999999999995,0.25,Sedang
0.4551724137931034,0.6436285097192225,0.264525993883792,0.6000000000000001,0.48,0.7115384615384616,Sedang
0.5172413793103448,0.3617710583153348,0.392966360856269,0.6153846153846154,0.651111111111111,0.019230769230769218,Sedang
0.034482758620689655,0.0,0.2691131498470948,0.476923076923077,0.5733333333333333,0.6346153846153845,Baik
0.13103448275862067,0.9265658747300216,0.1674311926605504,0.7307692307692308,0.4244444444444444,0.3461538461538461,Sedang
0.0,0.13174946004319654,0.24235474006116203,0.5384615384615383,0.5177777777777777,0.5576923076923076,Baik
0.28965517241379307,0.07667386609071276,0.24694189602446476,0.29230769230769216,0.5733333333333333,0.40384615384615385,Sedang
0.46206896551724136,0.6533477321814256,0.18272171253822628,0.7307692307692308,0.0822222222222222,0.5961538461538461,Sedang
0.6,0.9589632829373651,0.20795107033639143,0.592307692307692,0.6577777777777776,0.3076923076923077,Tidak Sehat
0.35172413793103446,0.7311015118790498,0.6345565749235473,0.3769230769230769,0.33777777777777795,0.17307692307692302,Tidak Sehat
0.6206896551724137,0.5539956803455724,0.3960244648318042,0.36923076923076925,0.30000000000000004,0.6538461538461537,Tidak Sehat
0.09655172413793103,0.5604751619870412,0.1995412844036697,0.5153846153846153,0.17999999999999994,0.3653846153846153,Sedang
0.041379310344827586,0.6166306695464363,0.4273700305810397,0.5538461538461537,0.1577777777777778,0.42307692307692313,Sedang
0.3310344827586207,0.596112311015119,0.19113149847094796,0.5,0.2533333333333334,0.6153846153846154,Sedang
0.4068965517241379,0.49244060475161994,0.536697247706422,0.523076923076923,0.397777777777778,0.1923076923076923,Sedang
0.3310344827586207,0.45464362850971923,0.3524464831804281,0.7846153846153849,0.9888888888888889,0.5,Sedang
0.0,0.41792656587473004,0.2431192660550458,0.6692307692307691,0.4377777777777778,0.26923076923076916,Baik
0.32413793103448274,0.2688984881209503,0.3700305810397553,0.5,0.5955555555555556,0.3653846153846153,Sedang
0.1103448275862069,0.3714902807775378,0.0,0.6461538461538461,0.6444444444444444,0.40384615384615385,Baik
0.4551724137931034,0.06587473002159829,0.009174311926605505,0.2615384615384613,0.5844444444444443,0.09615384615384615,Sedang
0.4,0.4103671706263499,0.0,0.5384615384615383,0.5377777777777779,0.23076923076923073,Sedang
0.17931034482758623,0.21814254859611232,0.3004587155963302,0.8076923076923075,0.288888888888889,0.6538461538461537,Sedang
0.2482758620689655,0.193304535637149,0.665137614678899,0.4230769230769229,0.8777777777777778,0.5576923076923076,Tidak Sehat
0.1586206896551724,0.470842332613391,0.7790519877675841,0.2999999999999998,0.9577777777777778,0.3653846153846153,Tidak Sehat
0.32413793103448274,0.7321814254859612,0.41360856269113144,0.33846153846153815,0.18222222222222229,0.42307692307692313,Sedang
0.503448275862069,0.6306695464362853,0.38226299694189597,0.25384615384615383,0.3288888888888888,0.3269230769230769,Sedang
0.16551724137931034,0.09287257019438448,0.0,0.3076923076923075,0.4933333333333334,0.6538461538461537,Baik
0.4275862068965517,0.21814254859611232,0.14296636085626907,0.39230769230769225,0.3422222222222224,0.3461538461538461,Sedang
0.2482758620689655,0.634989200863931,0.08715596330275226,0.1923076923076923,0.6688888888888889,0.42307692307692313,Sedang
0.2,0.22030237580993522,0.12538226299694188,0.4615384615384617,0.3933333333333333,0.5961538461538461,Baik
0.3172413793103448,0.38336933045356375,0.22935779816513757,0.6384615384615384,1.0,0.23076923076923073,Sedang
0.1586206896551724,0.5507559395248381,0.15902140672782872,0.2846153846153845,0.8200000000000001,0.6923076923076922,Sedang
0.24137931034482757,0.22246220302375813,0.0,0.7538461538461538,0.6022222222222222,0.09615384615384615,Baik
0.13103448275862067,0.45464362850971923,0.43883792048929654,0.5615384615384613,0.7844444444444445,0.6923076923076922,Sedang
0.6758620689655173,0.14362850971922247,0.02140672782874617,0.6615384615384614,0.8022222222222222,0.3076923076923077,Tidak Sehat
0.3448275862068965,0.3023758099352052,0.3226299694189602,0.33846153846153815,0.4311111111111112,0.3461538461538461,Sedang
0.2206896551724138,0.5010799136069115,0.7431192660550459,0.6230769230769231,0.3733333333333333,0.019230769230769218,Tidak Sehat
0.37241379310344824,0.08747300215982724,0.05657492354740061,0.25384615384615383,0.5733333333333333,0.28846153846153844,Sedang
0.3172413793103448,0.5269978401727863,0.0,0.6307692307692307,0.7466666666666666,0.1923076923076923,Sedang
0.296551724137931,0.42764578833693306,0.20183486238532106,0.49230769230769234,0.5866666666666669,0.26923076923076916,Sedang
0.4413793103448276,0.5507559395248381,0.5198776758409785,0.569230769230769,0.20444444444444443,0.3653846153846153,Sedang
0.4689655172413793,0.480561555075594,0.7171253822629968,0.2384615384615385,0.37777777777777777,0.5769230769230769,Tidak Sehat
0.2482758620689655,0.726781857451404,0.0,0.29230769230769216,0.54,0.42307692307692313,Sedang
0.24137931034482757,0.45896328293736505,0.38149847094801215,0.5769230769230766,0.5377777777777779,0.4423076923076922,Sedang
0.28965517241379307,0.3390928725701944,0.1605504587155963,0.2769230769230768,0.9933333333333336,0.17307692307692302,Sedang
0.0,0.45788336933045354,0.2431192660550458,0.5538461538461537,0.2466666666666668,0.21153846153846156,Sedang
0.07586206896551724,0.5496760259179266,0.8738532110091742,0.19999999999999996,0.6688888888888889,0.7307692307692306,Tidak Sehat
0.5724137931034483,0.4427645788336933,0.0,0.6230769230769231,0.8866666666666667,0.25,Tidak Sehat
0.6206896551724137,0.4406047516198704,0.32568807339449535,0.22307692307692295,1.0,0.7115384615384616,Tidak Sehat
0.296551724137931,0.2807775377969763,0.37461773700305806,0.569230769230769,0.4666666666666668,0.3461538461538461,Sedang
0.43448275862068964,0.2883369330453564,0.5168195718654434,0.5846153846153848,0.6644444444444446,0.3846153846153846,Sedang
0.393103448275862,0.12850971922246218,0.2897553516819571,0.3307692307692309,0.6822222222222223,0.5961538461538461,Sedang
0.8689655172413793,0.8099352051835854,0.33792048929663604,0.5769230769230766,0.6000000000000001,0.6346153846153845,Tidak Sehat
0.5310344827586206,0.16306695464362853,0.17813455657492355,0.5153846153846153,0.5333333333333334,0.3653846153846153,Sedang
0.3172413793103448,0.28185745140388774,0.3295107033639143,0.3615384615384616,0.6533333333333335,0.3076923076923077,Sedang
0.1724137931034483,0.27645788336933047,0.1888379204892966,0.26923076923076916,0.0,0.3653846153846153,Baik
0.06206896551724138,0.625269978401728,0.4097859327217125,0.08461538461538454,0.7066666666666666,0.4423076923076922,Sedang
0.37241379310344824,0.3682505399568035,0.18272171253822628,0.5307692307692307,0.5844444444444443,0.5576923076923076,Sedang
0.20689655172413796,0.7019438444924407,0.35397553516819563,0.16153846153846163,0.5066666666666666,0.3846153846153846,Sedang
0.0896551724137931,0.2861771058315335,0.26070336391437304,0.476923076923077,1.0,0.5,Baik
0.22758620689655173,0.49244060475161994,0.5259938837920489,0.4076923076923076,0.4066666666666665,0.6923076923076922,Sedang
0.15172413793103445,0.25161987041036715,0.25611620795107026,0.592307692307692,0.4666666666666668,0.46153846153846145,Baik
0.6275862068965516,0.8952483801295898,0.0,0.3999999999999999,0.9977777777777779,0.4423076923076922,Tidak Sehat
0.4896551724137931,0.1749460043196544,0.5573394495412844,0.3999999999999999,0.37111111111111117,0.09615384615384615,Sedang
0.33793103448275863,0.49892008639308866,0.05963302752293577,0.6000000000000001,0.43333333333333335,0.0,Sedang
0.593103448275862,0.5691144708423328,0.11773700305810396,0.523076923076923,0.5222222222222221,0.46153846153846145,Tidak Sehat
0.35172413793103446,0.521598272138229,0.13073394495412843,0.523076923076923,0.7422222222222223,0.3653846153846153,Sedang
0.18620689655172412,0.39200863930885527,0.5825688073394495,0.5538461538461537,0.6022222222222222,0.28846153846153844,Tidak Sehat
0.6,0.4038876889848812,0.0,0.16923076923076907,0.26888888888888896,0.42307692307692313,Tidak Sehat
0.4275862068965517,0.4416846652267819,0.9870030581039755,0.6076923076923073,0.4377777777777778,0.3653846153846153,Tidak Sehat
0.1586206896551724,0.4006479481641469,0.5099388379204893,0.5769230769230766,0.42000000000000015,0.5961538461538461,Sedang
0.30344827586206896,0.6403887688984882,0.31880733944954126,0.26923076923076916,0.5377777777777779,0.40384615384615385,Sedang
0.18620689655172412,0.9092872570194386,0.2553516819571865,0.41538461538461524,0.651111111111111,0.25,Sedang
0.09655172413793103,0.3120950323974082,0.33333333333333326,0.45384615384615357,0.6488888888888891,0.5769230769230769,Sedang
0.496551724137931,0.13606911447084236,0.3868501529051987,0.43846153846153824,0.16000000000000014,0.3461538461538461,Sedang
0.6689655172413793,0.4125269978401728,0.4159021406727828,0.523076923076923,0.7911111111111111,0.4807692307692307,Tidak Sehat
0.09655172413793103,0.9892008639308856,0.39525993883792043,0.7384615384615385,0.6111111111111112,0.28846153846153844,Sedang
0.43448275862068964,0.2580993520518359,0.28822629969418956,0.6692307692307691,0.8622222222222222,0.26923076923076916,Sedang
0.22758620689655173,0.7861771058315336,0.22247706422018343,0.20769230769230762,0.6533333333333335,0.40384615384615385,Sedang
0.2551724137931034,0.7948164146868251,0.23318042813455653,0.5846153846153848,0.8,0.3846153846153846,Sedang
0.23448275862068962,0.3120950323974082,0.22324159021406725,0.7153846153846155,0.6600000000000001,0.4807692307692307,Baik
0.18620689655172412,0.5550755939524838,0.5275229357798165,0.5384615384615383,0.8555555555555556,0.3269230769230769,Sedang
0.3448275862068965,0.7840172786177106,0.4036697247706421,0.6692307692307691,0.6711111111111112,0.038461538461538436,Sedang
0.19310344827586207,0.34989200863930886,0.0,0.8461538461538463,0.5333333333333334,0.3076923076923077,Baik
0.38620689655172413,0.3876889848812095,0.4181957186544342,0.6615384615384614,1.0,0.5384615384615383,Sedang
0.3310344827586207,0.306695464362851,0.31192660550458706,0.5076923076923077,0.7533333333333334,0.3269230769230769,Sedang
0.296551724137931,0.21274298056155505,0.2629969418960244,0.6615384615384614,0.6822222222222223,0.3461538461538461,Sedang
0.17931034482758623,0.2915766738660907,0.17813455657492355,0.49230769230769234,0.2711111111111111,0.5769230769230769,Baik
0.24137931034482757,0.16738660907127428,0.5252293577981652,0.46923076923076934,0.26888888888888896,0.25,Sedang
0.4689655172413793,0.439524838012959,0.4847094801223241,0.39230769230769225,0.6200000000000001,0.09615384615384615,Sedang
0.4275862068965517,0.265658747300216,0.09021406727828744,0.7615384615384615,0.5888888888888888,0.3461538461538461,Sedang
0.1724137931034483,0.4827213822894169,0.36085626911314983,0.3076923076923075,0.42000000000000015,0.28846153846153844,Sedang
0.35172413793103446,0.09611231101511879,0.04510703363914373,0.7538461538461538,0.5866666666666669,0.1923076923076923,Sedang
0.4689655172413793,0.5032397408207344,0.0,0.5538461538461537,0.9088888888888889,0.3461538461538461,Sedang
0.04827586206896552,0.6123110151187906,0.12385321100917428,0.1923076923076923,0.711111111111111,0.4807692307692307,Sedang
0.43448275862068964,0.0010799136069114396,0.46559633027522934,0.5307692307692307,0.30222222222222217,0.3846153846153846,Sedang
0.2206896551724138,0.5129589632829374,0.48623853211009166,0.053846153846153655,0.5311111111111113,0.4423076923076922,Sedang
0.43448275862068964,0.6976241900647948,0.3853211009174311,0.5846153846153848,0.37777777777777777,0.7307692307692306,Sedang
0.20689655172413796,0.17062634989200864,0.43425076452599376,0.6307692307692307,0.4688888888888887,0.3269230769230769,Sedang
0.027586206896551724,0.7937365010799138,0.3860856269113149,0.34615384615384626,0.46444444444444466,0.4423076923076922,Sedang
0.05517241379310345,0.5226781857451405,0.12079510703363912,0.48461538461538467,0.4488888888888889,0.28846153846153844,Sedang
0.3448275862068965,0.2796976241900648,0.3669724770642201,0.8384615384615381,0.27555555555555555,0.23076923076923073,Sedang
0.3793103448275862,0.42008639308855295,0.45107033639143723,0.3615384615384616,0.5266666666666668,0.26923076923076916,Sedang
0.17931034482758623,0.552915766738661,0.44036697247706413,0.2615384615384613,0.4311111111111112,0.28846153846153844,Sedang
0.44827586206896547,0.4481641468682506,0.540519877675841,0.7461538461538462,0.0,0.46153846153846145,Sedang
0.04827586206896552,0.5485961123110152,0.4296636085626911,0.8384615384615381,1.0,0.8269230769230768,Sedang
0.32413793103448274,0.2332613390928726,0.3478593272171253,0.4615384615384617,0.7977777777777779,0.25,Sedang
0.13103448275862067,0.4686825053995681,0.5129969418960244,0.6538461538461537,0.47111111111111126,0.3076923076923077,Sedang
0.22758620689655173,0.12634989200863933,0.26146788990825687,0.7230769230769227,0.56,0.3653846153846153,Baik
0.3448275862068965,0.408207343412527,0.06498470948012232,0.3153846153846156,0.29555555555555557,0.46153846153846145,Sedang
0.18620689655172412,0.23650107991360692,0.2301223241590214,0.36923076923076925,0.9333333333333336,0.4423076923076922,Baik
0.2689655172413793,0.2732181425485961,0.09709480122324156,0.7000000000000002,0.9777777777777779,0.6346153846153845,Baik
0.5103448275862069,0.6987041036717064,0.11238532110091741,0.7846153846153849,0.5911111111111109,0.0,Sedang
0.24137931034482757,0.6673866090712743,0.23470948012232412,0.569230769230769,0.7822222222222224,0.0,Sedang
0.48275862068965514,0.5637149028077755,0.08562691131498469,0.29230769230769216,0.5955555555555556,0.28846153846153844,Sedang
0.14482758620689656,0.19654427645788336,0.19724770642201833,0.8461538461538463,0.2577777777777779,0.5961538461538461,Baik
0.4275862068965517,0.3639308855291577,0.0,0.3615384615384616,0.46444444444444466,0.07692307692307693,Sedang
0.5862068965517241,0.6943844492440605,0.31651376146788984,0.3999999999999999,0.5844444444444443,0.0,Tidak Sehat
0.0,0.46220302375809935,0.2675840978593272,0.5307692307692307,0.4555555555555555,0.5,Sedang
0.2,0.9330453563714904,0.08027522935779816,0.7615384615384615,0.5066666666666666,0.42307692307692313,Sedang
0.43448275862068964,0.5172786177105833,0.41896024464831794,0.6230769230769231,0.5355555555555553,0.17307692307692302,Sedang
0.30344827586206896,0.4730021598272138,0.4824159021406727,0.5384615384615383,0.5377777777777779,0.1923076923076923,Sedang
0.4,0.3650107991360691,0.0,0.5538461538461537,0.5666666666666667,0.1923076923076923,Sedang
0.23448275862068962,0.46112311015118795,0.09250764525993883,0.46923076923076934,0.32000000000000006,0.40384615384615385,Sedang
0.35172413793103446,0.3995680345572355,0.09097859327217124,0.569230769230769,0.39555555555555544,0.26923076923076916,Sedang
0.31034482758620685,0.5853131749460044,0.05198776758409786,0.0,0.2711111111111111,0.4807692307692307,Sedang
0.5379310344827586,0.6382289416846653,0.45795107033639143,0.4076923076923076,0.7733333333333332,0.0,Sedang
0.3793103448275862,0.26241900647948163,0.22324159021406725,0.5076923076923077,0.08666666666666667,0.21153846153846156,Sedang
0.393103448275862,0.14470842332613387,0.2071865443425076,0.2384615384615385,0.8111111111111111,0.17307692307692302,Sedang
0.2689655172413793,0.035637149028077755,0.0,0.5384615384615383,0.8644444444444446,0.3269230769230769,Baik
0.2551724137931034,0.5421166306695465,0.41360856269113144,0.4230769230769229,0.48888888888888893,0.28846153846153844,Sedang
0.26206896551724135,0.193304535637149,0.0,0.7999999999999998,0.0,0.5384615384615383,Baik
0.4068965517241379,0.0,0.2813455657492354,0.7615384615384615,0.47555555555555573,0.019230769230769218,Sedang
0.26206896551724135,0.5161987041036717,0.3310397553516819,0.36923076923076925,0.5422222222222224,0.3846153846153846,Sedang
0.38620689655172413,0.970842332613391,0.5795107033639143,0.43076923076923057,0.33111111111111113,0.5,Sedang
0.696551724137931,0.43088552915766737,0.0,0.4461538461538459,0.43999999999999995,0.75,Tidak Sehat
0.4896551724137931,0.613390928725702,0.0,0.3769230769230769,0.8955555555555557,0.28846153846153844,Sedang
0.2827586206896552,0.449244060475162,0.3096330275229357,0.5,0.7022222222222221,0.4423076923076922,Sedang
0.5448275862068965,0.4103671706263499,0.6804281345565749,0.3153846153846156,0.35111111111111115,0.038461538461538436,Tidak Sehat
0.2689655172413793,0.6306695464362853,0.5519877675840978,0.24615384615384595,0.19999999999999996,0.0,Sedang
0.0,0.36933045356371497,0.315749235474006,0.5846153846153848,0.48222222222222233,0.5384615384615383,Sedang
0.16551724137931034,0.4892008639308855,0.15519877675840976,0.5846153846153848,0.508888888888889,0.3846153846153846,Sedang
0.013793103448275862,0.5010799136069115,0.4525993883792048,0.3076923076923075,0.6666666666666667,0.6153846153846154,Sedang
0.2758620689655172,0.28725701943844495,0.04434250764525993,0.6307692307692307,0.4355555555555555,0.11538461538461539,Sedang
0.33793103448275863,0.6457883369330454,0.37691131498470937,0.33846153846153815,0.6688888888888889,0.4807692307692307,Sedang
0.6275862068965516,0.3941684665226782,0.38379204892966357,0.5076923076923077,0.9866666666666668,0.75,Tidak Sehat
0.393103448275862,0.2688984881209503,0.510703363914373,0.6230769230769231,0.7377777777777779,0.46153846153846145,Sedang
0.30344827586206896,0.5475161987041038,0.9006116207951069,0.45384615384615357,0.5444444444444445,0.4423076923076922,Tidak Sehat
0.48275862068965514,0.23758099352051837,0.3577981651376146,0.546153846153846,0.5155555555555555,0.3846153846153846,Sedang
0.0,0.4384449244060476,0.15061162079510698,0.3615384615384616,0.47555555555555573,0.07692307692307693,Baik
0.3793103448275862,0.42980561555075597,0.26146788990825687,0.4230769230769229,0.8177777777777777,0.6538461538461537,Sedang
0.4689655172413793,0.6663066954643629,0.0,0.4230769230769229,0.4155555555555557,0.26923076923076916,Sedang
0.08275862068965517,0.5345572354211664,0.10856269113149845,0.3153846153846156,0.5666666666666667,0.4807692307692307,Sedang
0.5379310344827586,0.42656587473002167,0.17354740061162077,0.43076923076923057,0.5666666666666667,0.07692307692307693,Sedang
0.393103448275862,0.6090712742980563,0.14755351681957185,0.16153846153846163,0.4444444444444444,0.15384615384615385,Sedang
0.2689655172413793,0.7321814254859612,0.3027522935779816,0.36923076923076925,0.25111111111111106,0.6538461538461537,Sedang
0.44827586206896547,0.552915766738661,0.07874617737003058,0.4076923076923076,0.6266666666666667,0.3269230769230769,Sedang
0.7310344827586206,0.4341252699784018,0.5244648318042813,0.41538461538461524,0.5422222222222224,0.673076923076923,Tidak Sehat
0.37241379310344824,0.1490280777537797,0.2675840978593272,0.41538461538461524,0.6666666666666667,0.3653846153846153,Sedang
0.3793103448275862,0.20194384449244063,0.2652905198776758,0.4461538461538459,0.4377777777777778,0.038461538461538436,Sedang
0.26206896551724135,0.36609071274298055,0.19266055045871555,0.5538461538461537,0.8266666666666667,0.5576923076923076,Baik
0.19310344827586207,0.3002159827213823,0.3035168195718654,0.6307692307692307,0.3600000000000001,0.26923076923076916,Sedang
0.48275862068965514,0.39200863930885527,0.45718654434250755,0.33846153846153815,0.9355555555555553,0.5192307692307693,Sedang
0.19310344827586207,0.4438444924406048,0.06880733944954127,0.23076923076923062,0.16666666666666674,0.3846153846153846,Sedang
0.35172413793103446,0.5464362850971923,0.11697247706422016,0.2615384615384613,0.651111111111111,0.09615384615384615,Sedang
0.2551724137931034,0.41684665226781864,0.1980122324159021,0.36923076923076925,0.6622222222222223,0.42307692307692313,Baik
0.4206896551724138,0.5367170626349893,0.0,0.39230769230769225,0.37777777777777777,0.8076923076923077,Sedang
0.393103448275862,0.4460043196544276,0.07951070336391436,0.3153846153846156,0.6488888888888891,0.4807692307692307,Sedang
0.5172413793103448,0.0053995680345572394,0.15825688073394495,0.21538461538461529,0.8399999999999999,0.3653846153846153,Sedang
0.2482758620689655,0.2289416846652268,0.46788990825688065,0.3769230769230769,0.06222222222222218,0.5961538461538461,Sedang
0.28965517241379307,0.4006479481641469,0.3279816513761467,0.5,0.6666666666666667,0.42307692307692313,Sedang
0.1724137931034483,0.17062634989200864,0.31192660550458706,0.5769230769230766,0.0022222222222223476,0.42307692307692313,Sedang
0.26206896551724135,0.5615550755939526,0.46253822629969416,0.3538461538461539,0.33999999999999986,0.17307692307692302,Sedang
0.4,0.7624190064794817,0.23623853211009166,0.3846153846153846,0.9177777777777778,0.42307692307692313,Sedang
0.4689655172413793,0.6954643628509721,0.3570336391437308,0.2846153846153845,0.42666666666666675,0.5769230769230769,Sedang
0.17931034482758623,0.38552915766738666,0.24388379204892963,0.45384615384615357,0.29555555555555557,0.23076923076923073,Baik
0.4896551724137931,0.7537796976241902,0.32874617737003053,0.2999999999999998,0.5111111111111111,0.6538461538461537,Sedang
0.5724137931034483,0.46436285097192226,0.13379204892966357,0.569230769230769,1.0,0.3653846153846153,Tidak Sehat
0.4068965517241379,0.3596112311015119,0.0,0.1153846153846152,0.14888888888888885,0.21153846153846156,Sedang
0.6620689655172413,0.2991360691144709,0.23700305810397548,0.39230769230769225,0.3222222222222222,0.5769230769230769,Tidak Sehat
0.20689655172413796,0.367170626349892,0.5940366972477064,0.523076923076923,0.8888888888888888,0.3269230769230769,Tidak Sehat
0.12413793103448274,0.347732181425486,0.4801223241590213,0.5,0.9688888888888889,0.5384615384615383,Sedang
0.034482758620689655,0.4686825053995681,0.48929663608562685,0.976923076923077,0.5333333333333334,0.3269230769230769,Sedang
0.593103448275862,0.46652267818574517,0.551223241590214,0.5307692307692307,0.28,0.3653846153846153,Tidak Sehat
0.44827586206896547,0.4330453563714903,0.28822629969418956,0.26923076923076916,1.0,0.4807692307692307,Sedang
0.3310344827586207,0.5259179265658749,0.3126911314984709,0.4461538461538459,0.9088888888888889,0.4423076923076922,Sedang
0.38620689655172413,0.6889848812095033,0.12614678899082565,0.12307692307692308,0.7066666666666666,0.0,Sedang
0.14482758620689656,0.6371490280777539,0.19495412844036697,0.4461538461538459,0.37555555555555564,0.17307692307692302,Sedang
0.7586206896551724,0.11123110151187908,0.40902140672782866,0.2999999999999998,0.5444444444444445,0.5576923076923076,Tidak Sehat
0.3586206896551724,0.0,0.543577981651376,0.6384615384615384,0.5200000000000002,0.3653846153846153,Sedang
0.3586206896551724,0.6339092872570196,0.2354740061162079,0.3538461538461539,0.6288888888888888,0.28846153846153844,Sedang
0.46206896551724136,0.1371490280777538,0.16437308868501527,0.43846153846153824,0.8777777777777778,0.11538461538461539,Sedang
0.4206896551724138,0.38336933045356375,0.2675840978593272,0.33846153846153815,0.7511111111111111,0.17307692307692302,Sedang
0.3793103448275862,0.17926565874730022,0.4051987767584097,0.7923076923076922,0.3155555555555556,0.0,Sedang
0.2,0.043196544276457874,0.0,0.3999999999999999,0.8622222222222222,0.3653846153846153,Baik
0.4206896551724138,0.5485961123110152,0.0,0.8153846153846156,0.6244444444444444,0.26923076923076916,Sedang
0.6620689655172413,0.596112311015119,0.14143730886850153,0.6153846153846154,0.7088888888888891,0.1923076923076923,Tidak Sehat
0.5724137931034483,0.30777537796976245,0.0,0.5538461538461537,0.8822222222222222,0.3653846153846153,Tidak Sehat
0.6137931034482759,0.0,0.1513761467889908,0.5307692307692307,0.30888888888888877,0.46153846153846145,Tidak Sehat
0.2482758620689655,0.3142548596112311,0.23394495412844035,0.5384615384615383,0.5466666666666666,0.7884615384615383,Baik
0.16551724137931034,0.5161987041036717,0.16360856269113144,0.0923076923076922,0.4377777777777778,0.09615384615384615,Sedang
0.3172413793103448,0.1123110151187905,0.6009174311926605,0.4076923076923076,0.20666666666666655,0.6153846153846154,Tidak Sehat
0.3448275862068965,0.4719222462203025,0.34250764525993876,0.6230769230769231,0.6333333333333333,0.5769230769230769,Sedang
0.5241379310344827,0.4287257019438446,0.33639143730886845,0.45384615384615357,1.0,0.23076923076923073,Sedang
0.04827586206896552,0.5572354211663068,0.41055045871559626,0.1923076923076923,0.14666666666666672,0.42307692307692313,Sedang
0.6,0.45788336933045354,0.006116207951070332,0.45384615384615357,0.548888888888889,0.28846153846153844,Tidak Sehat
0.31034482758620685,0.22138228941684668,0.5061162079510704,0.7923076923076922,0.6977777777777778,0.42307692307692313,Sedang
0.26206896551724135,0.6900647948164148,0.24999999999999994,0.7000000000000002,0.5822222222222222,0.673076923076923,Sedang
0.16551724137931034,0.3974082073434125,0.42125382262996935,0.4461538461538459,0.5311111111111113,0.5,Sedang
0.05517241379310345,0.42656587473002167,0.02140672782874617,0.6461538461538461,0.2666666666666666,0.4807692307692307,Baik
0.48275862068965514,0.23002159827213825,0.0,0.39230769230769225,0.6066666666666667,0.3076923076923077,Sedang
0.35172413793103446,0.3358531317494601,0.4548929663608562,0.13076923076923053,0.3866666666666667,0.09615384615384615,Sedang
0.11724137931034483,0.24082073434125267,0.35397553516819563,0.2846153846153845,0.068888888888889,0.3461538461538461,Sedang
0.11724137931034483,0.3941684665226782,0.060397553516819566,0.7615384615384615,0.8200000000000001,0.6153846153846154,Baik
0.2827586206896552,0.8012958963282939,0.06804281345565748,0.4076923076923076,0.7688888888888887,0.09615384615384615,Sedang
0.6275862068965516,0.13606911447084236,0.5259938837920489,0.41538461538461524,0.5666666666666667,0.17307692307692302,Tidak Sehat
0.296551724137931,0.08315334773218143,0.0,0.4076923076923076,0.6066666666666667,0.40384615384615385,Sedang
0.07586206896551724,0.7494600431965445,0.6444954128440367,0.8307692307692305,0.7933333333333334,0.1923076923076923,Tidak Sehat
0.296551724137931,0.38660907127429806,0.06116207951070335,0.7769230769230768,0.6044444444444446,0.23076923076923073,Sedang
0.28965517241379307,0.28725701943844495,0.41437308868501527,0.8846153846153846,0.7555555555555555,0.3076923076923077,Sedang
0.0,0.6565874730021599,0.19189602446483178,0.43076923076923057,0.48888888888888893,0.11538461538461539,Sedang
0.3310344827586207,0.30129589632829373,0.40596330275229353,0.5153846153846153,0.8466666666666665,0.1923076923076923,Sedang
0.296551724137931,0.8261339092872572,0.14296636085626907,0.16923076923076907,0.6266666666666667,0.5192307692307693,Sedang
0.4551724137931034,0.5788336933045357,0.2301223241590214,0.7461538461538462,0.597777777777778,0.13461538461538458,Sedang
0.6551724137931034,0.32613390928725705,0.2767584097859327,0.2384615384615385,0.2733333333333332,0.07692307692307693,Tidak Sehat
0.5310344827586206,0.8974082073434126,0.0374617737003058,0.5,0.6200000000000001,0.26923076923076916,Sedang
0.28965517241379307,0.30129589632829373,0.437308868501529,0.25384615384615383,0.37111111111111117,0.5192307692307693,Sedang
0.14482758620689656,0.591792656587473,0.1498470948012232,0.34615384615384626,0.4133333333333331,0.3461538461538461,Sedang
0.7793103448275862,0.49676025917926564,0.21483180428134552,0.2999999999999998,0.3733333333333333,0.28846153846153844,Tidak Sehat
0.3448275862068965,0.7127429805615552,0.03975535168195718,0.34615384615384626,0.3177777777777777,0.3846153846153846,Sedang
0.33793103448275863,0.7688984881209505,0.0,0.3615384615384616,1.0,0.05769230769230771,Sedang
0.3310344827586207,0.4384449244060476,0.22400611620795102,0.3538461538461539,0.8511111111111112,0.4807692307692307,Sedang
0.37241379310344824,0.2688984881209503,0.8211009174311926,0.6230769230769231,0.9822222222222221,0.46153846153846145,Tidak Sehat
0.31034482758620685,0.5313174946004321,0.4472477064220183,0.24615384615384595,0.2844444444444443,0.3076923076923077,Sedang
0.24137931034482757,0.28509719222462204,0.2629969418960244,0.5076923076923077,0.5711111111111111,0.5769230769230769,Baik
0.24137931034482757,0.8671706263498921,0.2071865443425076,0.6923076923076921,0.26888888888888896,0.17307692307692302,Sedang
0.3310344827586207,0.46112311015118795,0.27293577981651373,0.3615384615384616,0.3999999999999999,0.5961538461538461,Sedang
0.24137931034482757,0.3531317494600433,0.392966360856269,0.3230769230769228,0.35111111111111115,0.42307692307692313,Sedang
0.21379310344827585,0.4719222462203025,0.0,0.41538461538461524,0.8311111111111114,0.3269230769230769,Sedang
0.3586206896551724,0.14146868250539962,0.5229357798165137,0.6846153846153844,0.4666666666666668,0.3846153846153846,Sedang
0.296551724137931,0.22246220302375813,0.43195718654434245,0.5,0.7933333333333334,0.3653846153846153,Sedang
0.6,0.6911447084233262,0.43195718654434245,0.3615384615384616,0.6888888888888889,0.6153846153846154,Tidak Sehat
0.0,0.29049676025917925,0.36850152905198774,0.5538461538461537,1.0,0.17307692307692302,Sedang
0.5241379310344827,0.20626349892008644,0.2721712538226299,0.24615384615384595,0.2266666666666668,0.23076923076923073,Sedang
0.5517241379310345,0.5475161987041038,0.4220183486238532,0.592307692307692,0.8355555555555554,0.5769230769230769,Tidak Sehat
0.0,0.6879049676025919,0.4036697247706421,0.5384615384615383,0.8111111111111111,0.26923076923076916,Sedang
0.2758620689655172,0.5874730021598273,0.18654434250764523,0.3999999999999999,0.33999999999999986,0.5576923076923076,Sedang
0.2758620689655172,0.646868250539957,0.13608562691131498,0.2999999999999998,0.7799999999999998,0.7115384615384616,Sedang
0.09655172413793103,0.2688984881209503,0.29128440366972475,0.29230769230769216,0.6311111111111112,0.3076923076923077,Sedang
0.20689655172413796,0.12526997840172788,0.6230886850152905,0.5615384615384613,0.5044444444444445,0.5192307692307693,Tidak Sehat
0.14482758620689656,0.7559395248380131,0.0,0.7000000000000002,0.3733333333333333,0.15384615384615385,Sedang
0.6413793103448275,0.3617710583153348,0.0,0.33846153846153815,0.39555555555555544,0.5384615384615383,Tidak Sehat
0.496551724137931,0.3779697624190065,0.305045871559633,0.546153846153846,1.0,0.42307692307692313,Sedang
0.5586206896551723,0.7192224622030238,0.27905198776758405,0.06153846153846154,0.5555555555555556,0.4807692307692307,Tidak Sehat
0.46206896551724136,0.5518358531317495,0.3073394495412844,0.34615384615384626,0.7288888888888889,0.26923076923076916,Sedang
0.14482758620689656,0.5302375809935206,0.32339449541284393,0.45384615384615357,0.3799999999999999,0.05769230769230771,Sedang
0.2482758620689655,0.8995680345572354,0.21636085626911306,0.2846153846153845,0.38222222222222224,0.4807692307692307,Sedang
0.4206896551724138,0.2926565874730022,0.6093272171253823,0.2846153846153845,0.7955555555555556,0.0,Tidak Sehat
0.12413793103448274,0.632829373650108,0.0,0.3307692307692309,0.25555555555555554,0.3269230769230769,Sedang
0.46206896551724136,0.4438444924406048,0.07721712538226298,0.5153846153846153,0.4622222222222221,0.5576923076923076,Sedang
0.296551724137931,0.49028077753779703,0.24388379204892963,0.4230769230769229,0.5622222222222222,0.42307692307692313,Sedang
0.2758620689655172,0.7624190064794817,0.0,0.03076923076923066,0.5799999999999998,0.75,Sedang
0.46206896551724136,0.5421166306695465,0.2270642201834862,0.053846153846153655,0.5155555555555555,0.5769230769230769,Sedang
0.4137931034482758,0.5485961123110152,0.6483180428134556,0.34615384615384626,0.6444444444444444,0.25,Tidak Sehat
0.2758620689655172,0.66414686825054,0.2721712538226299,0.546153846153846,0.7088888888888891,0.3846153846153846,Sedang
0.5379310344827586,0.3531317494600433,0.3203363914373088,0.0,0.7177777777777776,0.3846153846153846,Sedang
0.15172413793103445,0.25053995680345575,0.0,0.36923076923076925,0.3355555555555554,0.07692307692307693,Baik
0.4413793103448276,0.20626349892008644,0.12614678899082565,0.3615384615384616,0.4933333333333334,0.21153846153846156,Sedang
0.4413793103448276,0.0075593952483801186,0.18119266055045868,0.7307692307692308,0.8200000000000001,0.26923076923076916,Sedang
0.2827586206896552,0.8758099352051837,0.19495412844036697,0.3846153846153846,0.7533333333333334,0.0,Sedang
0.393103448275862,0.193304535637149,0.5611620795107034,0.5384615384615383,0.25111111111111106,0.3846153846153846,Sedang
0.12413793103448274,0.3844492440604752,0.39525993883792043,0.49230769230769234,0.6333333333333333,0.3461538461538461,Sedang
0.496551724137931,0.37257019438444927,0.012996941896024461,0.053846153846153655,0.11555555555555563,0.05769230769230771,Sedang
0.30344827586206896,0.49784017278617715,0.32415902140672775,0.6076923076923073,0.5666666666666667,0.46153846153846145,Sedang
0.2482758620689655,0.6079913606911448,0.38149847094801215,0.5,0.9777777777777779,0.5192307692307693,Sedang
0.5172413793103448,0.6177105831533478,0.5290519877675841,0.5615384615384613,0.34444444444444455,0.42307692307692313,Sedang
0.21379310344827585,0.3056155507559395,0.6299694189602446,1.0,0.37111111111111117,0.3269230769230769,Tidak Sehat
0.09655172413793103,0.3963282937365012,0.03440366972477063,0.06153846153846154,0.7244444444444444,0.5,Baik
0.06896551724137931,0.49352051835853133,0.08180428134556574,0.7923076923076922,0.21333333333333337,0.5192307692307693,Sedang
0.4413793103448276,0.3779697624190065,0.0,0.4076923076923076,0.4155555555555557,0.4423076923076922,Sedang
0.11724137931034483,0.7786177105831534,0.21406727828746175,0.5153846153846153,0.6888888888888889,0.23076923076923073,Sedang
0.6413793103448275,0.5377969762419007,0.37461773700305806,0.45384615384615357,0.4155555555555557,0.4423076923076922,Tidak Sehat
0.0,0.5907127429805616,0.49388379204892957,0.3769230769230769,0.5022222222222221,0.6153846153846154,Sedang
0.6275862068965516,0.5755939524838014,0.24999999999999994,0.3538461538461539,0.7200000000000002,0.26923076923076916,Tidak Sehat
0.37241379310344824,0.685745140388769,0.19418960244648314,0.523076923076923,0.6488888888888891,0.7884615384615383,Sedang
0.32413793103448274,0.470842332613391,0.3027522935779816,0.16923076923076907,0.6155555555555556,0.28846153846153844,Sedang
0.24137931034482757,0.15226781857451405,0.0756880733944954,0.6076923076923073,0.48,0.3846153846153846,Baik
0.4068965517241379,0.5183585313174947,0.7469418960244648,0.3846153846153846,0.6377777777777778,0.25,Tidak Sehat
0.3310344827586207,0.2915766738660907,0.0,0.24615384615384595,0.5288888888888887,0.42307692307692313,Sedang
0.5310344827586206,0.3174946004319654,0.3096330275229357,0.3769230769230769,0.6577777777777776,0.05769230769230771,Sedang
0.3586206896551724,0.5583153347732183,0.731651376146789,0.7000000000000002,0.4444444444444444,0.28846153846153844,Tidak Sehat
0.36551724137931035,0.6997840172786178,0.2691131498470948,0.3615384615384616,0.5155555555555555,0.17307692307692302,Sedang
0.2758620689655172,0.4362850971922247,0.22400611620795102,0.5307692307692307,0.3355555555555554,0.40384615384615385,Sedang
0.3310344827586207,0.49892008639308866,0.18577981651376146,0.3230769230769228,0.5466666666666666,0.5769230769230769,Sedang
0.393103448275862,0.799136069114471,0.22629969418960239,0.6076923076923073,0.37555555555555564,0.5,Sedang
0.041379310344827586,0.4838012958963283,0.5825688073394495,0.592307692307692,0.30888888888888877,0.0,Tidak Sehat
0.10344827586206896,0.9935205183585314,0.0,0.8153846153846156,0.6133333333333333,0.7692307692307692,Sedang
0.4689655172413793,0.5539956803455724,0.6192660550458715,0.43076923076923057,0.6022222222222222,0.4423076923076922,Tidak Sehat
0.36551724137931035,0.051835853131749474,0.0,0.592307692307692,0.7288888888888889,0.23076923076923073,Sedang
0.30344827586206896,0.5950323974082073,0.20642201834862384,0.476923076923077,0.45999999999999996,0.42307692307692313,Sedang
0.33793103448275863,0.514038876889849,0.16896024464831805,0.7076923076923074,0.6466666666666665,0.42307692307692313,Sedang
0.4,0.7105831533477323,0.40290519877675834,0.3230769230769228,0.6777777777777778,0.25,Sedang
0.2482758620689655,0.5777537796976243,0.0,0.6076923076923073,0.6533333333333335,0.42307692307692313,Sedang
0.20689655172413796,0.4017278617710584,0.37385321100917424,0.4230769230769229,0.37111111111111117,0.26923076923076916,Sedang
0.37241379310344824,0.16738660907127428,0.731651376146789,0.4461538461538459,0.5888888888888888,0.3076923076923077,Tidak Sehat
